<?xml version="1.0" encoding="UTF-8"?>
<GenRun Id="synth_1" LaunchPart="xc7a35tcpg236-1" LaunchTime="1669831381">
  <File Type="PA-TCL" Name="sintesis_tragaperras.tcl"/>
  <File Type="RDS-PROPCONSTRS" Name="sintesis_tragaperras_drc_synth.rpt"/>
  <File Type="REPORTS-TCL" Name="sintesis_tragaperras_reports.tcl"/>
  <File Type="RDS-RDS" Name="sintesis_tragaperras.vds"/>
  <File Type="RDS-UTIL" Name="sintesis_tragaperras_utilization_synth.rpt"/>
  <File Type="RDS-UTIL-PB" Name="sintesis_tragaperras_utilization_synth.pb"/>
  <File Type="RDS-DCP" Name="sintesis_tragaperras.dcp"/>
  <File Type="VDS-TIMINGSUMMARY" Name="sintesis_tragaperras_timing_summary_synth.rpt"/>
  <File Type="VDS-TIMING-PB" Name="sintesis_tragaperras_timing_summary_synth.pb"/>
  <FileSet Name="sources" Type="DesignSrcs" RelSrcDir="$PSRCDIR/sources_1" RelGenDir="$PSRCDIR/sources_1">
    <Filter Type="Srcs"/>
    <File Path="$PSRCDIR/sources_1/new/controller.vhd">
      <FileInfo>
        <Attr Name="ImportPath" Val="$PPRDIR/../project_5_VERO/project_5.srcs/sources_1/new/controller.vhd"/>
        <Attr Name="ImportTime" Val="1669048072"/>
        <Attr Name="UsedIn" Val="synthesis"/>
        <Attr Name="UsedIn" Val="simulation"/>
      </FileInfo>
    </File>
    <File Path="$PSRCDIR/sources_1/imports/Ficheros máquina tragaperras/conv_7seg.vhd">
      <FileInfo>
        <Attr Name="ImportPath" Val="$PPRDIR/../Ficheros máquina tragaperras/conv_7seg.vhd"/>
        <Attr Name="ImportTime" Val="1605548536"/>
        <Attr Name="UsedIn" Val="synthesis"/>
        <Attr Name="UsedIn" Val="simulation"/>
      </FileInfo>
    </File>
    <File Path="$PSRCDIR/sources_1/new/data_path.vhd">
      <FileInfo>
        <Attr Name="ImportPath" Val="$PPRDIR/../project_5_VERO/project_5.srcs/sources_1/new/data_path.vhd"/>
        <Attr Name="ImportTime" Val="1669048572"/>
        <Attr Name="UsedIn" Val="synthesis"/>
        <Attr Name="UsedIn" Val="simulation"/>
      </FileInfo>
    </File>
    <File Path="$PSRCDIR/sources_1/imports/Ficheros máquina tragaperras/debouncer.vhd">
      <FileInfo>
        <Attr Name="ImportPath" Val="$PPRDIR/../Ficheros máquina tragaperras/debouncer.vhd"/>
        <Attr Name="ImportTime" Val="1605548538"/>
        <Attr Name="UsedIn" Val="synthesis"/>
        <Attr Name="UsedIn" Val="simulation"/>
      </FileInfo>
    </File>
    <File Path="$PSRCDIR/sources_1/imports/Ficheros máquina tragaperras/displays.vhd">
      <FileInfo>
        <Attr Name="ImportPath" Val="$PPRDIR/../Ficheros máquina tragaperras/displays.vhd"/>
        <Attr Name="ImportTime" Val="1605548538"/>
        <Attr Name="UsedIn" Val="synthesis"/>
        <Attr Name="UsedIn" Val="simulation"/>
      </FileInfo>
    </File>
    <File Path="$PSRCDIR/sources_1/imports/Ficheros máquina tragaperras/divisor.vhd">
      <FileInfo>
        <Attr Name="ImportPath" Val="$PPRDIR/../Ficheros máquina tragaperras/divisor.vhd"/>
        <Attr Name="ImportTime" Val="1606407078"/>
        <Attr Name="UsedIn" Val="synthesis"/>
        <Attr Name="UsedIn" Val="simulation"/>
      </FileInfo>
    </File>
    <File Path="$PSRCDIR/sources_1/new/divisor2.vhd">
      <FileInfo>
        <Attr Name="ImportPath" Val="$PPRDIR/../project_5_PERRAS/project_5_PERRAS.srcs/sources_1/new/divisor2.vhd"/>
        <Attr Name="ImportTime" Val="1669828452"/>
        <Attr Name="UsedIn" Val="synthesis"/>
        <Attr Name="UsedIn" Val="simulation"/>
      </FileInfo>
    </File>
    <File Path="$PSRCDIR/sources_1/new/leds.vhd">
      <FileInfo>
        <Attr Name="ImportPath" Val="$PPRDIR/../project_5_PERRAS/project_5_PERRAS.srcs/sources_1/new/leds.vhd"/>
        <Attr Name="ImportTime" Val="1669831208"/>
        <Attr Name="UsedIn" Val="synthesis"/>
        <Attr Name="UsedIn" Val="simulation"/>
      </FileInfo>
    </File>
    <File Path="$PSRCDIR/sources_1/new/reg_mod10.vhd">
      <FileInfo>
        <Attr Name="ImportPath" Val="$PPRDIR/../project_5_VERO/project_5.srcs/sources_1/new/reg_mod10.vhd"/>
        <Attr Name="ImportTime" Val="1669049655"/>
        <Attr Name="UsedIn" Val="synthesis"/>
        <Attr Name="UsedIn" Val="simulation"/>
      </FileInfo>
    </File>
    <File Path="$PSRCDIR/sources_1/new/tragaperras.vhd">
      <FileInfo>
        <Attr Name="ImportPath" Val="$PPRDIR/../project_5_PERRAS/project_5_PERRAS.srcs/sources_1/new/tragaperras.vhd"/>
        <Attr Name="ImportTime" Val="1669830888"/>
        <Attr Name="UsedIn" Val="synthesis"/>
        <Attr Name="UsedIn" Val="simulation"/>
      </FileInfo>
    </File>
    <File Path="$PSRCDIR/sources_1/imports/Ficheros máquina tragaperras/sintesis_tragaperras.vhd">
      <FileInfo>
        <Attr Name="ImportPath" Val="$PPRDIR/../Ficheros máquina tragaperras/sintesis_tragaperras.vhd"/>
        <Attr Name="ImportTime" Val="1669830230"/>
        <Attr Name="UsedIn" Val="synthesis"/>
        <Attr Name="UsedIn" Val="simulation"/>
      </FileInfo>
    </File>
    <Config>
      <Option Name="DesignMode" Val="RTL"/>
      <Option Name="TopModule" Val="sintesis_tragaperras"/>
      <Option Name="TopAutoSet" Val="TRUE"/>
    </Config>
  </FileSet>
  <FileSet Name="constrs_in" Type="Constrs" RelSrcDir="$PSRCDIR/constrs_1">
    <Filter Type="Constrs"/>
    <File Path="$PSRCDIR/constrs_1/imports/Ficheros máquina tragaperras/Basys3_Master.xdc">
      <FileInfo>
        <Attr Name="ImportPath" Val="$PPRDIR/../Ficheros máquina tragaperras/Basys3_Master.xdc"/>
        <Attr Name="ImportTime" Val="1606126006"/>
        <Attr Name="UsedIn" Val="synthesis"/>
        <Attr Name="UsedIn" Val="implementation"/>
      </FileInfo>
    </File>
    <Config>
      <Option Name="ConstrsType" Val="XDC"/>
    </Config>
  </FileSet>
  <FileSet Name="utils" Type="Utils" RelSrcDir="$PSRCDIR/utils_1">
    <Filter Type="Utils"/>
    <Config>
      <Option Name="TopAutoSet" Val="TRUE"/>
    </Config>
  </FileSet>
  <Strategy Version="1" Minor="2">
    <StratHandle Name="Vivado Synthesis Defaults" Flow="Vivado Synthesis 2019"/>
    <Step Id="synth_design"/>
  </Strategy>
</GenRun>
