<?xml version="1.0" encoding="UTF-8"?>
<GenRun Id="impl_1" LaunchPart="xc7a35tcpg236-1" LaunchTime="1669831381">
  <File Type="BITSTR-BMM" Name="sintesis_tragaperras_bd.bmm"/>
  <File Type="OPT-METHODOLOGY-DRC" Name="sintesis_tragaperras_methodology_drc_opted.rpt"/>
  <File Type="INIT-TIMING" Name="sintesis_tragaperras_timing_summary_init.rpt"/>
  <File Type="ROUTE-PWR" Name="sintesis_tragaperras_power_routed.rpt"/>
  <File Type="PA-TCL" Name="sintesis_tragaperras.tcl"/>
  <File Type="OPT-TIMING" Name="sintesis_tragaperras_timing_summary_opted.rpt"/>
  <File Type="OPT-DCP" Name="sintesis_tragaperras_opt.dcp"/>
  <File Type="ROUTE-PWR-SUM" Name="sintesis_tragaperras_power_summary_routed.pb"/>
  <File Type="REPORTS-TCL" Name="sintesis_tragaperras_reports.tcl"/>
  <File Type="OPT-DRC" Name="sintesis_tragaperras_drc_opted.rpt"/>
  <File Type="OPT-HWDEF" Name="sintesis_tragaperras.hwdef"/>
  <File Type="PWROPT-DCP" Name="sintesis_tragaperras_pwropt.dcp"/>
  <File Type="PWROPT-DRC" Name="sintesis_tragaperras_drc_pwropted.rpt"/>
  <File Type="PWROPT-TIMING" Name="sintesis_tragaperras_timing_summary_pwropted.rpt"/>
  <File Type="PLACE-DCP" Name="sintesis_tragaperras_placed.dcp"/>
  <File Type="PLACE-IO" Name="sintesis_tragaperras_io_placed.rpt"/>
  <File Type="PLACE-CLK" Name="sintesis_tragaperras_clock_utilization_placed.rpt"/>
  <File Type="PLACE-UTIL" Name="sintesis_tragaperras_utilization_placed.rpt"/>
  <File Type="PLACE-UTIL-PB" Name="sintesis_tragaperras_utilization_placed.pb"/>
  <File Type="PLACE-CTRL" Name="sintesis_tragaperras_control_sets_placed.rpt"/>
  <File Type="PLACE-SIMILARITY" Name="sintesis_tragaperras_incremental_reuse_placed.rpt"/>
  <File Type="PLACE-PRE-SIMILARITY" Name="sintesis_tragaperras_incremental_reuse_pre_placed.rpt"/>
  <File Type="PLACE-TIMING" Name="sintesis_tragaperras_timing_summary_placed.rpt"/>
  <File Type="POSTPLACE-PWROPT-DCP" Name="sintesis_tragaperras_postplace_pwropt.dcp"/>
  <File Type="BG-BIN" Name="sintesis_tragaperras.bin"/>
  <File Type="POSTPLACE-PWROPT-TIMING" Name="sintesis_tragaperras_timing_summary_postplace_pwropted.rpt"/>
  <File Type="PHYSOPT-DCP" Name="sintesis_tragaperras_physopt.dcp"/>
  <File Type="PHYSOPT-DRC" Name="sintesis_tragaperras_drc_physopted.rpt"/>
  <File Type="BITSTR-MSK" Name="sintesis_tragaperras.msk"/>
  <File Type="PHYSOPT-TIMING" Name="sintesis_tragaperras_timing_summary_physopted.rpt"/>
  <File Type="ROUTE-ERROR-DCP" Name="sintesis_tragaperras_routed_error.dcp"/>
  <File Type="ROUTE-DCP" Name="sintesis_tragaperras_routed.dcp"/>
  <File Type="ROUTE-BLACKBOX-DCP" Name="sintesis_tragaperras_routed_bb.dcp"/>
  <File Type="ROUTE-DRC" Name="sintesis_tragaperras_drc_routed.rpt"/>
  <File Type="ROUTE-DRC-PB" Name="sintesis_tragaperras_drc_routed.pb"/>
  <File Type="ROUTE-DRC-RPX" Name="sintesis_tragaperras_drc_routed.rpx"/>
  <File Type="BITSTR-MMI" Name="sintesis_tragaperras.mmi"/>
  <File Type="ROUTE-METHODOLOGY-DRC" Name="sintesis_tragaperras_methodology_drc_routed.rpt"/>
  <File Type="ROUTE-METHODOLOGY-DRC-RPX" Name="sintesis_tragaperras_methodology_drc_routed.rpx"/>
  <File Type="ROUTE-METHODOLOGY-DRC-PB" Name="sintesis_tragaperras_methodology_drc_routed.pb"/>
  <File Type="ROUTE-PWR-RPX" Name="sintesis_tragaperras_power_routed.rpx"/>
  <File Type="ROUTE-STATUS" Name="sintesis_tragaperras_route_status.rpt"/>
  <File Type="ROUTE-STATUS-PB" Name="sintesis_tragaperras_route_status.pb"/>
  <File Type="ROUTE-TIMINGSUMMARY" Name="sintesis_tragaperras_timing_summary_routed.rpt"/>
  <File Type="ROUTE-TIMING-PB" Name="sintesis_tragaperras_timing_summary_routed.pb"/>
  <File Type="ROUTE-TIMING-RPX" Name="sintesis_tragaperras_timing_summary_routed.rpx"/>
  <File Type="ROUTE-SIMILARITY" Name="sintesis_tragaperras_incremental_reuse_routed.rpt"/>
  <File Type="ROUTE-CLK" Name="sintesis_tragaperras_clock_utilization_routed.rpt"/>
  <File Type="ROUTE-BUS-SKEW" Name="sintesis_tragaperras_bus_skew_routed.rpt"/>
  <File Type="ROUTE-BUS-SKEW-PB" Name="sintesis_tragaperras_bus_skew_routed.pb"/>
  <File Type="ROUTE-BUS-SKEW-RPX" Name="sintesis_tragaperras_bus_skew_routed.rpx"/>
  <File Type="POSTROUTE-PHYSOPT-DCP" Name="sintesis_tragaperras_postroute_physopt.dcp"/>
  <File Type="POSTROUTE-PHYSOPT-BLACKBOX-DCP" Name="sintesis_tragaperras_postroute_physopt_bb.dcp"/>
  <File Type="POSTROUTE-PHYSOPT-TIMING" Name="sintesis_tragaperras_timing_summary_postroute_physopted.rpt"/>
  <File Type="POSTROUTE-PHYSOPT-TIMING-PB" Name="sintesis_tragaperras_timing_summary_postroute_physopted.pb"/>
  <File Type="POSTROUTE-PHYSOPT-TIMING-RPX" Name="sintesis_tragaperras_timing_summary_postroute_physopted.rpx"/>
  <File Type="POSTROUTE-PHYSOPT-BUS-SKEW" Name="sintesis_tragaperras_bus_skew_postroute_physopted.rpt"/>
  <File Type="POSTROUTE-PHYSOPT-BUS-SKEW-PB" Name="sintesis_tragaperras_bus_skew_postroute_physopted.pb"/>
  <File Type="BG-BIT" Name="sintesis_tragaperras.bit"/>
  <File Type="POSTROUTE-PHYSOPT-BUS-SKEW-RPX" Name="sintesis_tragaperras_bus_skew_postroute_physopted.rpx"/>
  <File Type="BITSTR-RBT" Name="sintesis_tragaperras.rbt"/>
  <File Type="BITSTR-NKY" Name="sintesis_tragaperras.nky"/>
  <File Type="PDI-FILE" Name="sintesis_tragaperras.pdi"/>
  <File Type="RCFI_FILE" Name="sintesis_tragaperras.rcfi"/>
  <File Type="CFI_FILE" Name="sintesis_tragaperras.cfi"/>
  <File Type="RNPI_FILE" Name="sintesis_tragaperras.rnpi"/>
  <File Type="NPI_FILE" Name="sintesis_tragaperras.npi"/>
  <File Type="RBD_FILE" Name="sintesis_tragaperras.rbd"/>
  <File Type="BITSTR-LTX" Name="debug_nets.ltx"/>
  <File Type="BITSTR-LTX" Name="sintesis_tragaperras.ltx"/>
  <File Type="BITSTR-SYSDEF" Name="sintesis_tragaperras.sysdef"/>
  <File Type="BG-BGN" Name="sintesis_tragaperras.bgn"/>
  <File Type="BG-DRC" Name="sintesis_tragaperras.drc"/>
  <File Type="RDI-RDI" Name="sintesis_tragaperras.vdi"/>
  <File Type="WBT-USG" Name="usage_statistics_webtalk.html"/>
  <FileSet Name="sources" Type="DesignSrcs" RelSrcDir="$PSRCDIR/sources_1" RelGenDir="$PSRCDIR/sources_1">
    <Filter Type="Srcs"/>
    <File Path="$PSRCDIR/sources_1/new/controller.vhd">
      <FileInfo>
        <Attr Name="ImportPath" Val="$PPRDIR/../project_5_VERO/project_5.srcs/sources_1/new/controller.vhd"/>
        <Attr Name="ImportTime" Val="1669048072"/>
        <Attr Name="UsedIn" Val="synthesis"/>
        <Attr Name="UsedIn" Val="simulation"/>
      </FileInfo>
    </File>
    <File Path="$PSRCDIR/sources_1/imports/Ficheros máquina tragaperras/conv_7seg.vhd">
      <FileInfo>
        <Attr Name="ImportPath" Val="$PPRDIR/../Ficheros máquina tragaperras/conv_7seg.vhd"/>
        <Attr Name="ImportTime" Val="1605548536"/>
        <Attr Name="UsedIn" Val="synthesis"/>
        <Attr Name="UsedIn" Val="simulation"/>
      </FileInfo>
    </File>
    <File Path="$PSRCDIR/sources_1/new/data_path.vhd">
      <FileInfo>
        <Attr Name="ImportPath" Val="$PPRDIR/../project_5_VERO/project_5.srcs/sources_1/new/data_path.vhd"/>
        <Attr Name="ImportTime" Val="1669048572"/>
        <Attr Name="UsedIn" Val="synthesis"/>
        <Attr Name="UsedIn" Val="simulation"/>
      </FileInfo>
    </File>
    <File Path="$PSRCDIR/sources_1/imports/Ficheros máquina tragaperras/debouncer.vhd">
      <FileInfo>
        <Attr Name="ImportPath" Val="$PPRDIR/../Ficheros máquina tragaperras/debouncer.vhd"/>
        <Attr Name="ImportTime" Val="1605548538"/>
        <Attr Name="UsedIn" Val="synthesis"/>
        <Attr Name="UsedIn" Val="simulation"/>
      </FileInfo>
    </File>
    <File Path="$PSRCDIR/sources_1/imports/Ficheros máquina tragaperras/displays.vhd">
      <FileInfo>
        <Attr Name="ImportPath" Val="$PPRDIR/../Ficheros máquina tragaperras/displays.vhd"/>
        <Attr Name="ImportTime" Val="1605548538"/>
        <Attr Name="UsedIn" Val="synthesis"/>
        <Attr Name="UsedIn" Val="simulation"/>
      </FileInfo>
    </File>
    <File Path="$PSRCDIR/sources_1/imports/Ficheros máquina tragaperras/divisor.vhd">
      <FileInfo>
        <Attr Name="ImportPath" Val="$PPRDIR/../Ficheros máquina tragaperras/divisor.vhd"/>
        <Attr Name="ImportTime" Val="1606407078"/>
        <Attr Name="UsedIn" Val="synthesis"/>
        <Attr Name="UsedIn" Val="simulation"/>
      </FileInfo>
    </File>
    <File Path="$PSRCDIR/sources_1/new/divisor2.vhd">
      <FileInfo>
        <Attr Name="ImportPath" Val="$PPRDIR/../project_5_PERRAS/project_5_PERRAS.srcs/sources_1/new/divisor2.vhd"/>
        <Attr Name="ImportTime" Val="1669828452"/>
        <Attr Name="UsedIn" Val="synthesis"/>
        <Attr Name="UsedIn" Val="simulation"/>
      </FileInfo>
    </File>
    <File Path="$PSRCDIR/sources_1/new/leds.vhd">
      <FileInfo>
        <Attr Name="ImportPath" Val="$PPRDIR/../project_5_PERRAS/project_5_PERRAS.srcs/sources_1/new/leds.vhd"/>
        <Attr Name="ImportTime" Val="1669831208"/>
        <Attr Name="UsedIn" Val="synthesis"/>
        <Attr Name="UsedIn" Val="simulation"/>
      </FileInfo>
    </File>
    <File Path="$PSRCDIR/sources_1/new/reg_mod10.vhd">
      <FileInfo>
        <Attr Name="ImportPath" Val="$PPRDIR/../project_5_VERO/project_5.srcs/sources_1/new/reg_mod10.vhd"/>
        <Attr Name="ImportTime" Val="1669049655"/>
        <Attr Name="UsedIn" Val="synthesis"/>
        <Attr Name="UsedIn" Val="simulation"/>
      </FileInfo>
    </File>
    <File Path="$PSRCDIR/sources_1/new/tragaperras.vhd">
      <FileInfo>
        <Attr Name="ImportPath" Val="$PPRDIR/../project_5_PERRAS/project_5_PERRAS.srcs/sources_1/new/tragaperras.vhd"/>
        <Attr Name="ImportTime" Val="1669830888"/>
        <Attr Name="UsedIn" Val="synthesis"/>
        <Attr Name="UsedIn" Val="simulation"/>
      </FileInfo>
    </File>
    <File Path="$PSRCDIR/sources_1/imports/Ficheros máquina tragaperras/sintesis_tragaperras.vhd">
      <FileInfo>
        <Attr Name="ImportPath" Val="$PPRDIR/../Ficheros máquina tragaperras/sintesis_tragaperras.vhd"/>
        <Attr Name="ImportTime" Val="1669830230"/>
        <Attr Name="UsedIn" Val="synthesis"/>
        <Attr Name="UsedIn" Val="simulation"/>
      </FileInfo>
    </File>
    <Config>
      <Option Name="DesignMode" Val="RTL"/>
      <Option Name="TopModule" Val="sintesis_tragaperras"/>
      <Option Name="TopAutoSet" Val="TRUE"/>
    </Config>
  </FileSet>
  <FileSet Name="constrs_in" Type="Constrs" RelSrcDir="$PSRCDIR/constrs_1">
    <Filter Type="Constrs"/>
    <File Path="$PSRCDIR/constrs_1/imports/Ficheros máquina tragaperras/Basys3_Master.xdc">
      <FileInfo>
        <Attr Name="ImportPath" Val="$PPRDIR/../Ficheros máquina tragaperras/Basys3_Master.xdc"/>
        <Attr Name="ImportTime" Val="1606126006"/>
        <Attr Name="UsedIn" Val="synthesis"/>
        <Attr Name="UsedIn" Val="implementation"/>
      </FileInfo>
    </File>
    <Config>
      <Option Name="ConstrsType" Val="XDC"/>
    </Config>
  </FileSet>
  <FileSet Name="utils" Type="Utils" RelSrcDir="$PSRCDIR/utils_1">
    <Filter Type="Utils"/>
    <Config>
      <Option Name="TopAutoSet" Val="TRUE"/>
    </Config>
  </FileSet>
  <Strategy Version="1" Minor="2">
    <StratHandle Name="Vivado Implementation Defaults" Flow="Vivado Implementation 2019"/>
    <Step Id="init_design"/>
    <Step Id="opt_design"/>
    <Step Id="power_opt_design"/>
    <Step Id="place_design"/>
    <Step Id="post_place_power_opt_design"/>
    <Step Id="phys_opt_design"/>
    <Step Id="route_design"/>
    <Step Id="post_route_phys_opt_design"/>
    <Step Id="write_bitstream"/>
  </Strategy>
</GenRun>
